-- phpMyAdmin SQL Dump
-- version 5.0.3
-- https://www.phpmyadmin.net/
--
-- Host: 127.0.0.1
-- Generation Time: Feb 19, 2021 at 06:07 AM
-- Server version: 10.4.14-MariaDB
-- PHP Version: 7.4.11

SET SQL_MODE = "NO_AUTO_VALUE_ON_ZERO";
START TRANSACTION;
SET time_zone = "+00:00";


/*!40101 SET @OLD_CHARACTER_SET_CLIENT=@@CHARACTER_SET_CLIENT */;
/*!40101 SET @OLD_CHARACTER_SET_RESULTS=@@CHARACTER_SET_RESULTS */;
/*!40101 SET @OLD_COLLATION_CONNECTION=@@COLLATION_CONNECTION */;
/*!40101 SET NAMES utf8mb4 */;

--
-- Database: `bvm_app`
--

-- --------------------------------------------------------

--
-- Table structure for table `oauth_access_tokens`
--

CREATE TABLE `oauth_access_tokens` (
  `id` varchar(100) COLLATE utf8mb4_unicode_ci NOT NULL,
  `user_id` bigint(20) DEFAULT NULL,
  `client_id` int(10) UNSIGNED NOT NULL,
  `name` varchar(191) COLLATE utf8mb4_unicode_ci DEFAULT NULL,
  `scopes` text COLLATE utf8mb4_unicode_ci DEFAULT NULL,
  `revoked` tinyint(1) NOT NULL,
  `created_at` timestamp NULL DEFAULT NULL,
  `updated_at` timestamp NULL DEFAULT NULL,
  `expires_at` datetime DEFAULT NULL
) ENGINE=InnoDB DEFAULT CHARSET=utf8mb4 COLLATE=utf8mb4_unicode_ci;

--
-- Dumping data for table `oauth_access_tokens`
--

INSERT INTO `oauth_access_tokens` (`id`, `user_id`, `client_id`, `name`, `scopes`, `revoked`, `created_at`, `updated_at`, `expires_at`) VALUES
('0018497a138a4ae4e480245874fa5c148abe5578a841a9db4ffb1926bfd331ba955cf400cca56108', 19, 3, 'MyApp', '[]', 0, '2020-09-26 19:58:43', '2020-09-26 19:58:43', '2021-09-26 15:58:43'),
('00210435e158629069542dd0fce658d83a4807b24f2c09e4555f9f3ca1989089eadd53e518ba4812', 46, 3, 'MyApp', '[]', 0, '2020-10-13 19:58:46', '2020-10-13 19:58:46', '2021-10-13 15:58:46'),
('00a84793ecfb39057db220b113173c936ed9fc54977bdf4b20da371ccc6be696b61fb58527c4e2a8', 24, 3, 'MyApp', '[]', 0, '2020-10-06 10:38:18', '2020-10-06 10:38:18', '2021-10-06 06:38:18'),
('04038003f78e8fd35cbe312e0a21edf9ac5a5162b48238686de5556079c3b565157b41864ce7cf7f', 32, 3, 'MyApp', '[]', 0, '2020-10-11 20:50:17', '2020-10-11 20:50:17', '2021-10-11 16:50:17'),
('047347045fef02c0990635453df2440aa24572924e15df291d0893f7ebcbd46dbc88c45b938b4d81', 22, 3, 'MyApp', '[]', 0, '2020-10-17 10:12:32', '2020-10-17 10:12:32', '2021-10-17 06:12:32'),
('059f3f8ef9435d6b4499fe01223e30b806b123ade403327649dda7008593e3714bf5122bca6d898b', 21, 3, 'MyApp', '[]', 0, '2020-09-30 16:38:36', '2020-09-30 16:38:36', '2021-09-30 12:38:36'),
('09f12e4cccfaf4ead977f5b058e5ccc289139bf0bfaa47737c1b5e331f82b7f614423df66032580a', 25, 3, 'MyApp', '[]', 0, '2020-10-17 19:36:19', '2020-10-17 19:36:19', '2021-10-17 15:36:19'),
('0afe2b7489c8ff899bb565901b2cb34f4fd329da1113ac8a53e0523bb5851e391756a5cc707f4b26', 50, 3, 'MyApp', '[]', 0, '2020-10-14 12:05:36', '2020-10-14 12:05:36', '2021-10-14 08:05:36'),
('0c1d6afb7afee786f8898d3c0241d62bf7a79092de6c9b00c318cda5bba3ea73c9c2bf792cf5e8a5', 21, 3, 'MyApp', '[]', 0, '2020-09-28 15:05:48', '2020-09-28 15:05:48', '2021-09-28 11:05:48'),
('0d0bff73c7744d2439da14829ece55e993f7a15cd1ccf746dba1a340ca92514c6591d998dd844722', 24, 3, 'MyApp', '[]', 0, '2020-09-29 20:24:58', '2020-09-29 20:24:58', '2021-09-29 16:24:58'),
('0de612155542fcb773f6bcb62c3f16c8ab2ee812bd3534221d3e1a8742f5f8e460819361a89247d4', 51, 3, 'MyApp', '[]', 0, '2020-10-18 21:51:42', '2020-10-18 21:51:42', '2021-10-18 17:51:42'),
('0e015bbd8c356f825b9d0d3e15b1f55fccfb7086795a15eedff1693c9908ee43edcb2b4a665128fc', 23, 3, 'MyApp', '[]', 0, '2020-10-10 11:05:15', '2020-10-10 11:05:15', '2021-10-10 07:05:15'),
('0e8f125062f43bd650ec983bc924eb957cb096dbba6ac72fc9bd00cde7ca7e45c8cf1f140b9bdb4d', 21, 3, 'MyApp', '[]', 0, '2020-10-10 10:29:38', '2020-10-10 10:29:38', '2021-10-10 06:29:38'),
('0f4e7811813d7fe3b068884559ce74921a3f40b373a163cede4b55896a0dcc937ea646f4af62e0af', 21, 3, 'MyApp', '[]', 0, '2020-10-15 16:33:59', '2020-10-15 16:33:59', '2021-10-15 12:33:59'),
('0f57944a5d0434ab9cfe38447768164fcea5af2fe3f86ebd7e0495391e4cc403eb9020fa299da527', 22, 3, 'MyApp', '[]', 0, '2020-10-21 19:19:32', '2020-10-21 19:19:32', '2021-10-21 15:19:32'),
('0fafe90b266dcc19cdf309f746f9a541e87e1e1e1084f0ed87cd480b63c95e879511b96b0e6f309d', 24, 3, 'MyApp', '[]', 0, '2020-09-29 22:28:41', '2020-09-29 22:28:41', '2021-09-29 18:28:41'),
('1480a5738267eecc8812e88860b6811680ceaf2c9e952b086f40df0758efecf9f8322b1b1570f837', 25, 3, 'MyApp', '[]', 0, '2020-10-17 17:44:05', '2020-10-17 17:44:05', '2021-10-17 13:44:05'),
('148aeaf4e19abcf90f7ef7de248a47a481def1b9d7712832c9c3e2f6151b576624b86addd90d1190', 22, 3, 'MyApp', '[]', 0, '2020-10-17 11:24:32', '2020-10-17 11:24:32', '2021-10-17 07:24:32'),
('151ceacfc709e6a942176983c62f37897557e1648cf2ca0b3d630d45a9d230719c79f79189df7fe7', 24, 3, 'MyApp', '[]', 0, '2020-10-01 09:53:18', '2020-10-01 09:53:18', '2021-10-01 05:53:18'),
('1621b53f178b34c0d1fbb35f83b93229eedc85ec710e081ea9106bfe300e0fe2caa5c9c0e1d3163e', 24, 3, 'MyApp', '[]', 0, '2020-10-07 19:02:00', '2020-10-07 19:02:00', '2021-10-07 15:02:00'),
('16518002d652a4521518434d43d389349d69d7240d1a56607cdc7681b3dbe19b2e28681d2d163842', 21, 3, 'MyApp', '[]', 0, '2020-10-14 16:38:44', '2020-10-14 16:38:44', '2021-10-14 12:38:44'),
('171d1b4e90f1ae2fa301ecea77035024841e4221463bfa44dc169135fc39517dcc3b01bd243b48ba', 22, 3, 'MyApp', '[]', 0, '2020-10-14 10:42:00', '2020-10-14 10:42:00', '2021-10-14 06:42:00'),
('17eb1c233f51b6267ee439591833d0fc62d5d5b2815decf19bf4b093dce7be3bdb8ed96b9dc1fcd5', 25, 3, 'MyApp', '[]', 0, '2020-10-17 19:36:19', '2020-10-17 19:36:19', '2021-10-17 15:36:19'),
('18721ca058ab1cbeb926279c7b2d37a29e0444679aaa930312dce892b8b1585676f903ed2b2f4b72', 31, 3, 'MyApp', '[]', 0, '2020-10-14 14:16:03', '2020-10-14 14:16:03', '2021-10-14 10:16:03'),
('1a49cd3e02f7cb03f2e06fcbe0aec827f6556f74717d29f2e25c12e8256edaf1a6ad5ae049238a99', 22, 3, 'MyApp', '[]', 0, '2020-09-28 10:29:34', '2020-09-28 10:29:34', '2021-09-28 06:29:34'),
('1be6bca572544f306bda8c67a85c47eac13bc098af13fa3ee6b8360a45218011740d371511773cf2', 25, 3, 'MyApp', '[]', 0, '2020-10-17 17:43:59', '2020-10-17 17:43:59', '2021-10-17 13:43:59'),
('1c27797a447d5e5de55c07a586b5f869ffdde752d6f51a2465b4698d7059eda5d581fd03219a70bb', 23, 3, 'MyApp', '[]', 0, '2020-10-03 16:42:23', '2020-10-03 16:42:23', '2021-10-03 12:42:23'),
('1c2a8972c9158e600a4f8c4e7add1c61ceaccf49e023a12f40143959cbf6ebc87382251c8758be8d', 23, 3, 'MyApp', '[]', 0, '2020-10-10 20:41:31', '2020-10-10 20:41:31', '2021-10-10 16:41:31'),
('1e77de27610bc2a7482ed2b6e4243bf53e9cdbe309a75c5b30b17b92d218474c0e5791707d6dafd3', 22, 3, 'MyApp', '[]', 0, '2020-09-28 11:02:20', '2020-09-28 11:02:20', '2021-09-28 07:02:20'),
('20aa616513e0e816edacb3de787e84838f201e171eaa40fae61da402dfd6ca4587b673064c9ac94c', 22, 3, 'MyApp', '[]', 0, '2020-10-17 10:03:43', '2020-10-17 10:03:43', '2021-10-17 06:03:43'),
('24b423994592a6f6ada53172a76387219560874068a425598e6f6e21dd5b1176f40292a0574b77a1', 52, 3, 'MyApp', '[]', 0, '2020-10-17 17:14:23', '2020-10-17 17:14:23', '2021-10-17 13:14:23'),
('266f63fd6ce9e237477cacab2677296f97eb3a36f18f66218f644218ead0cf600a22baa15f4f28ff', 35, 3, 'MyApp', '[]', 0, '2020-10-04 16:16:00', '2020-10-04 16:16:00', '2021-10-04 12:16:00'),
('289e4fbb41234251bccff498adfc4c50fe6f3c77fa1fbf2c5a29c60713d91db1fd895d60eff9b4c1', 26, 3, 'MyApp', '[]', 0, '2020-09-29 09:14:36', '2020-09-29 09:14:36', '2021-09-29 05:14:36'),
('28a40e90e450c240104a82ba1b7a3317a240c876571b8966cbeb0ca6a50515945bff835099f61eb3', 21, 3, 'MyApp', '[]', 0, '2020-09-29 11:24:48', '2020-09-29 11:24:48', '2021-09-29 07:24:48'),
('2cad05c98dfe3ed2f718c8e7fc8624e17365db078da30f1a9b3b7ad161d15df319acddad221a119b', 23, 3, 'MyApp', '[]', 0, '2020-10-03 16:30:50', '2020-10-03 16:30:50', '2021-10-03 12:30:50'),
('2e08f1f8038038b7f2fbe945703ee3a28a5842360b1863d471bff668d1463a6bc1f13f1608430a6d', 23, 3, 'MyApp', '[]', 0, '2020-10-04 11:41:01', '2020-10-04 11:41:01', '2021-10-04 07:41:01'),
('2f19d638265450b4de0a16fa3699f4a50f7cdb963479e1ab5a9dea9bdcb549a7cc5b5f492d46d9c3', 21, 3, 'MyApp', '[]', 0, '2020-10-10 18:06:36', '2020-10-10 18:06:36', '2021-10-10 14:06:36'),
('305194f4b0656215a18af8888506a9cedd806ccbbf54a511794d8e78f4ea4cced27fcbd7df86d144', 25, 3, 'MyApp', '[]', 0, '2020-10-17 19:36:21', '2020-10-17 19:36:21', '2021-10-17 15:36:21'),
('31413c63d037f29dbe2a07b3b347028dc6279abeb6b6b41997738ac86a12d1a2ec7a729f330af294', 12, 3, 'MyApp', '[]', 0, '2021-01-31 06:32:05', '2021-01-31 06:32:05', '2022-01-31 12:02:05'),
('356e797f14bfde2bde7e0471dff7fede29da8f2432e7dbbbbcbcea2cbf165b0f1674e5458022f0a3', 22, 3, 'MyApp', '[]', 0, '2020-10-17 10:03:41', '2020-10-17 10:03:41', '2021-10-17 06:03:41'),
('35b15df80912072f7968553197e40c3df2e1d4b8e5225233671fde410b68756e8c58a2a8147fccba', 21, 3, 'MyApp', '[]', 0, '2020-10-18 13:10:02', '2020-10-18 13:10:02', '2021-10-18 09:10:02'),
('36a87138304995ea66c1818bb9c213f2a786ffe4eed40dfa436a80341d0cfec8a42f725bfc344074', 21, 3, 'MyApp', '[]', 0, '2020-10-20 11:18:37', '2020-10-20 11:18:37', '2021-10-20 07:18:37'),
('36f3de14745bc7a05c64671924a220111d951e95a8c8dd5a0503fc00e4a4f0e06424dda5dd8a1f5e', 54, 3, 'MyApp', '[]', 0, '2020-10-18 06:22:07', '2020-10-18 06:22:07', '2021-10-18 02:22:07'),
('3afafaca38f62e76adc430910cd59fe7e6ea834784e7e48340d7d8fd9d7fd05b6f077ad37dfca349', 31, 3, 'MyApp', '[]', 0, '2020-10-13 11:38:10', '2020-10-13 11:38:10', '2021-10-13 07:38:10'),
('3b0264b956de2136ad5016495a499dcfcd98818ea5fae8077897d553e4969945529e22047d724de5', 23, 3, 'MyApp', '[]', 0, '2020-09-28 11:37:41', '2020-09-28 11:37:41', '2021-09-28 07:37:41'),
('3b91f35f5a3e2b5db144c9dd7de7c170c43295a0b758ea2bf00d9f69b79cd75064546454c5744672', 24, 3, 'MyApp', '[]', 0, '2020-09-28 18:23:30', '2020-09-28 18:23:30', '2021-09-28 14:23:30'),
('3c2a0168059e9c8e64cfe2af0840143c9f87159d2840999946bfed917c1b5c5c7526011a3532f480', 22, 3, 'MyApp', '[]', 0, '2020-10-13 19:12:31', '2020-10-13 19:12:31', '2021-10-13 15:12:31'),
('3cb814db60606b85077048d2f1dea2e35b6c2511d164d1c05573500d39ba9276264857a0fdcbf0f7', 22, 3, 'MyApp', '[]', 0, '2020-10-16 18:33:59', '2020-10-16 18:33:59', '2021-10-16 14:33:59'),
('4116f5f29eec403c9044ed877e55d79a33ef4ee323e4158cc3ec19e4d69958618c0195d1ce63980c', 21, 3, 'MyApp', '[]', 0, '2020-09-27 16:24:09', '2020-09-27 16:24:09', '2021-09-27 12:24:09'),
('43e39e364819c122bafc34c85dd00841d157a6383f55d435dcb09ccab06be77422faea7e324d5b0b', 32, 3, 'MyApp', '[]', 0, '2020-10-13 17:19:12', '2020-10-13 17:19:12', '2021-10-13 13:19:12'),
('47468ecee662125b89a1d573b12f88eac354281176efcea99086638a1f5be5b045d761ad1f314474', 29, 3, 'MyApp', '[]', 0, '2020-10-04 13:52:08', '2020-10-04 13:52:08', '2021-10-04 09:52:08'),
('47ac7fd5301b9a3299e5e043965a9bb29d15ff2c80fe21c819ba0c7d1bdcd60c6bbfba4a188ea2e6', 25, 3, 'MyApp', '[]', 0, '2020-10-12 14:28:47', '2020-10-12 14:28:47', '2021-10-12 10:28:47'),
('480cb7a4ebd2e8895118f1f1a59eadb648a18e1bb7aa32dfec2ff50ad5c70aa0aa8a561884bde781', 40, 3, 'MyApp', '[]', 0, '2020-10-10 10:54:26', '2020-10-10 10:54:26', '2021-10-10 06:54:26'),
('4be1631aadb83019291db02ba41b814bae63b4404b74a58461ec376ec0f84cf4ee34fa93dc15d25f', 31, 3, 'MyApp', '[]', 0, '2020-10-13 11:38:09', '2020-10-13 11:38:09', '2021-10-13 07:38:09'),
('4c233aa51fba74165916907e9d4c15129adca33fe1699b1acb5b4ad1d400fcfaeb9da1f57f346b04', 37, 3, 'MyApp', '[]', 0, '2020-10-06 14:30:16', '2020-10-06 14:30:16', '2021-10-06 10:30:16'),
('4c5b981a1f791cd3b2a38e2d13efedf79be2b647f79f067ae3a62082c8a93b0a08f7d350e2104125', 18, 3, 'MyApp', '[]', 0, '2020-09-26 07:17:25', '2020-09-26 07:17:25', '2021-09-26 12:47:25'),
('4d6f750e3558bd1aff161d38193c766baeb9affa48c667376ef1f1963f7dfc972b6a45d4b692a777', 40, 3, 'MyApp', '[]', 0, '2020-10-14 11:18:57', '2020-10-14 11:18:57', '2021-10-14 07:18:57'),
('4de2bdc4614f1f04630eacb11d9e565cb80e0f9a3a9d9e68903a7fe2d7b0a073ab4e37e8145ae63f', 49, 3, 'MyApp', '[]', 0, '2020-10-14 10:25:29', '2020-10-14 10:25:29', '2021-10-14 06:25:29'),
('530be9da695ef849a0a32d2c2cec231f23e1fccdec3c1735b08381107a356de5e4eb2934518c4bd2', 22, 3, 'MyApp', '[]', 0, '2020-10-19 21:51:40', '2020-10-19 21:51:40', '2021-10-19 17:51:40'),
('538a80b64c023bab6c7bcdae7aa47ca10650012d27549eadc08067d3163b194516baa40411fd236c', 24, 3, 'MyApp', '[]', 0, '2020-09-29 22:45:05', '2020-09-29 22:45:05', '2021-09-29 18:45:05'),
('5511155c05125bc36e222a4e7cde942f7b819efbfea0e2cdb50f414ccee6595e88640212999ef2a3', 25, 3, 'MyApp', '[]', 0, '2020-09-28 18:36:32', '2020-09-28 18:36:32', '2021-09-28 14:36:32'),
('5534afd5f95c1443e000a0145471f2abf8b50cf716f4bbd4a3df5fb1e8255bed1a0c5140a15b372c', 23, 3, 'MyApp', '[]', 0, '2020-10-10 14:05:32', '2020-10-10 14:05:32', '2021-10-10 10:05:32'),
('5579f1db4aadff741f91b277e1db3d616eb4e7b5e5ed1fbb3e898a7f6bd7728abeeb9f06002b7b76', 28, 3, 'MyApp', '[]', 0, '2020-10-01 10:17:26', '2020-10-01 10:17:26', '2021-10-01 06:17:26'),
('574b09be276a7f0d4215cbd6e713c56b2818a481a025f02c0b9628dc470a26cbdc25db14c080f582', 31, 3, 'MyApp', '[]', 0, '2020-10-14 14:16:04', '2020-10-14 14:16:04', '2021-10-14 10:16:04'),
('5abc78d6a4eb668e2f58f6209bf802b8e964ead5a3daa102704a3bda2fa241a0b87c7801748c57c5', 23, 3, 'MyApp', '[]', 0, '2020-10-02 17:51:20', '2020-10-02 17:51:20', '2021-10-02 13:51:20'),
('5adde725007715013d3e675e018e4aa488ec0ae7c9b2267b7bdcdd73788cbb1e7fad64081ccc61c8', 23, 3, 'MyApp', '[]', 0, '2020-10-01 19:16:28', '2020-10-01 19:16:28', '2021-10-01 15:16:28'),
('5afd8675a89b6a8bf5f7ba312712a2fe457b81ef45d52af8dde20d1ff38d6b2648f81eb849a51e5a', 23, 3, 'MyApp', '[]', 0, '2020-10-08 08:19:12', '2020-10-08 08:19:12', '2021-10-08 04:19:12'),
('5c367a5dabf8ba3c49be8cb4ef3030e705ad4378f76726c5b9c24fdd80a61938193e388724bc0727', 36, 3, 'MyApp', '[]', 0, '2020-10-06 11:03:12', '2020-10-06 11:03:12', '2021-10-06 07:03:12'),
('5cc30b30fd6f3cc9670259e5b8b5f4024917a8fac490fffca0a1dceab83421661dd3e5216e00229e', 21, 3, 'MyApp', '[]', 0, '2020-10-09 14:06:10', '2020-10-09 14:06:10', '2021-10-09 10:06:10'),
('5d09c311c49a6b731994e8af9736f9051b6d716f9321532bebb05b2b88a155efb0010381dd72ad4c', 25, 3, 'MyApp', '[]', 0, '2020-10-17 19:36:19', '2020-10-17 19:36:19', '2021-10-17 15:36:19'),
('5df69abd61dda23459ad00cad3663568895a0da61c22e5cade300729a03d1f8f8e98b3b3e4394fec', 25, 3, 'MyApp', '[]', 0, '2020-10-17 17:43:59', '2020-10-17 17:43:59', '2021-10-17 13:43:59'),
('5f4c68660a4eb44bfa550345e768e95b32d4f125d2bbf771054d5a9198d9efebcfa5dfdba246af7a', 45, 3, 'MyApp', '[]', 0, '2020-10-13 17:22:56', '2020-10-13 17:22:56', '2021-10-13 13:22:56'),
('601d3b771987d9a88a077f2a9b04216e80efe6203e3e7e185012084c1675b9a7890a51024aaeb2e1', 22, 3, 'MyApp', '[]', 0, '2020-10-13 16:34:04', '2020-10-13 16:34:04', '2021-10-13 12:34:04'),
('604fdcbfaf7843421e25841a7b25a00e04290f4e0a84f4ef5d1088e5cbf1ea70e322c696ac172395', 24, 3, 'MyApp', '[]', 0, '2020-10-08 13:06:56', '2020-10-08 13:06:56', '2021-10-08 09:06:56'),
('622006585a77332ef6d6b970fac68689459efdcbed97527e3deb845942e8199bad18861d6fc8026f', 32, 3, 'MyApp', '[]', 0, '2020-10-07 21:17:47', '2020-10-07 21:17:47', '2021-10-07 17:17:47'),
('62507604de592bfa6e6ad6d7c6508675198d39bbd328a34225a032ba8e6cbfbf3cd137ab8c718c28', 47, 3, 'MyApp', '[]', 0, '2020-10-13 20:07:07', '2020-10-13 20:07:07', '2021-10-13 16:07:07'),
('633b3362791fbca4499bb634b63cabe626af9002fd8e1b9a54230f172193e55ce93d7afaa26786f3', 23, 3, 'MyApp', '[]', 0, '2020-10-02 17:51:05', '2020-10-02 17:51:05', '2021-10-02 13:51:05'),
('640ff41e79170b3997162de94a06ebb83c6fad4882cf9841bc13e89b0d60ae7578a42f69b7760e17', 30, 3, 'MyApp', '[]', 0, '2020-10-06 12:39:00', '2020-10-06 12:39:00', '2021-10-06 08:39:00'),
('655ef8cbc3f0660cb536396ae95341dd13b66505a914f64647193acab66ac47be4bc768cdc999408', 21, 3, 'MyApp', '[]', 0, '2020-10-08 09:58:32', '2020-10-08 09:58:32', '2021-10-08 05:58:32'),
('65f95179917c3232353c33483cc4d6d83082a5abc045bcce22c5699a2789098b61b8902edd1783b2', 22, 3, 'MyApp', '[]', 0, '2020-10-02 10:53:11', '2020-10-02 10:53:11', '2021-10-02 06:53:11'),
('66292a6f440611a583f6617f0396da2a4b4e50872af75ba2c59b4819063fe15fe3ab5db79391579b', 21, 3, 'MyApp', '[]', 0, '2020-10-02 15:40:31', '2020-10-02 15:40:31', '2021-10-02 11:40:31'),
('670ddeed86cbc30a882bb79e1a6f376a5eff986793a5ec7054f96f9e7b3b8e72c71c26c22bb32630', 28, 3, 'MyApp', '[]', 0, '2020-10-01 16:55:24', '2020-10-01 16:55:24', '2021-10-01 12:55:24'),
('69da23981939deca8efbbf4eab28f84236ceb183fe85989ef21968dce02800bdb112c7c9876d7f57', 25, 3, 'MyApp', '[]', 0, '2020-09-29 08:23:25', '2020-09-29 08:23:25', '2021-09-29 04:23:25'),
('6a86c5074561456d7673d54e5d04a67ffe3936efc49bc673e6d015f3ebacda98556c1967da925832', 24, 3, 'MyApp', '[]', 0, '2020-10-12 18:28:24', '2020-10-12 18:28:24', '2021-10-12 14:28:24'),
('6aa104d4a9000489af3cd9aa551b8b9d5dece5326823095631b21e1e9a8482e44e37fb40fd69f972', 20, 3, 'MyApp', '[]', 0, '2020-09-26 20:14:33', '2020-09-26 20:14:33', '2021-09-26 16:14:33'),
('6df8e2fb3ab4fdace7cbf31bba440be9f1dd4959b1ef3fbce4621dc2e646c4735f40f4cac2aa6423', 42, 3, 'MyApp', '[]', 0, '2020-10-12 16:05:12', '2020-10-12 16:05:12', '2021-10-12 12:05:12'),
('6eb30f3a8cbc209330c4b09dea55c5a4eee4999009fb13051ebee57bb5c41631536f22f6fac359ab', 40, 3, 'MyApp', '[]', 0, '2020-10-15 17:14:32', '2020-10-15 17:14:32', '2021-10-15 13:14:32'),
('6ed398a917f11243750b56e515532f47753b21f42853d76579574adf40f6015a89182997203c2a39', 44, 3, 'MyApp', '[]', 0, '2020-10-13 10:58:52', '2020-10-13 10:58:52', '2021-10-13 06:58:52'),
('70c78305d21a7b13e25d9aabde3cdefa2a307683f39dc1fc77f819ab7b1796eb39164e8186a94404', 28, 3, 'MyApp', '[]', 0, '2020-09-29 11:21:40', '2020-09-29 11:21:40', '2021-09-29 07:21:40'),
('70dce733d38c6598fff05fe17da6e93cc529228e172a3b424a2195735993a98704b9bbbf6f6ec084', 24, 3, 'MyApp', '[]', 0, '2020-09-29 20:01:42', '2020-09-29 20:01:42', '2021-09-29 16:01:42'),
('71a032b53d0349614f3514b58c50cbb737eec32a46f1e356ee71e014d59f560461c10bfe6bb74019', 25, 3, 'MyApp', '[]', 0, '2020-10-17 19:36:18', '2020-10-17 19:36:18', '2021-10-17 15:36:18'),
('730d96e8108d2e109b9d434b6c5ad6cf9c44b43d10302b39161e5d62e7c79d46a808a7aa71c140e9', 21, 3, 'MyApp', '[]', 0, '2020-09-30 11:01:29', '2020-09-30 11:01:29', '2021-09-30 07:01:29'),
('73e0a59d41c99c84aac07d43a5f5f11276f206502412bb2ece7d9da1f981dbf44f2bb73e57741c3b', 21, 3, 'MyApp', '[]', 0, '2020-10-19 14:21:45', '2020-10-19 14:21:45', '2021-10-19 10:21:45'),
('73e45b530cbc5c79fbac448d5808a9cd7e6e1ee5a93ba2093379c2dceabcb14ff23e0dc209afaa2b', 21, 3, 'MyApp', '[]', 0, '2020-10-05 10:14:03', '2020-10-05 10:14:03', '2021-10-05 06:14:03'),
('73e71919f83ce984ce9a315ebab50128575e2522c90cbbbc50dec272f8582b2c30b4d6a47fcb7d67', 21, 3, 'MyApp', '[]', 0, '2020-10-04 16:02:51', '2020-10-04 16:02:51', '2021-10-04 12:02:51'),
('74763f17a01f6846d820b8f1ef4d5d346cbe1556b2fde63e38893df09424357355a39dc92b4cb86b', 21, 3, 'MyApp', '[]', 0, '2020-10-07 17:13:15', '2020-10-07 17:13:15', '2021-10-07 13:13:15'),
('74df467b8e174524792e45541cce861bf55f39b2435229eef628392cf3fbb7148263745dab55fe6b', 21, 3, 'MyApp', '[]', 0, '2020-10-07 17:13:16', '2020-10-07 17:13:16', '2021-10-07 13:13:16'),
('7538604f6c03065ab2553b6d368f3834ef49a2431f57fde00bf1694a02f6ca4dbd738d751989ee21', 53, 3, 'MyApp', '[]', 0, '2020-10-17 19:44:42', '2020-10-17 19:44:42', '2021-10-17 15:44:42'),
('755dfc7b95b7e6b70a8f6e0be7b039555d3ab64a4730559722f3d739e3fefe49bfcb25a85cf94749', 15, 3, 'MyApp', '[]', 0, '2020-09-14 02:05:09', '2020-09-14 02:05:09', '2021-09-14 07:35:09'),
('763ea5484b392a893c17e523e41002cf3863ece9dca4857a6a7f435e8f62b8e9cb454f284046d545', 27, 3, 'MyApp', '[]', 0, '2020-10-01 17:01:25', '2020-10-01 17:01:25', '2021-10-01 13:01:25'),
('7656f5f5c71139adc997ad708d451d493cffd857656abac9ce401c32c72205cf4e2ceb5165887558', 31, 3, 'MyApp', '[]', 0, '2020-10-01 18:29:44', '2020-10-01 18:29:44', '2021-10-01 14:29:44'),
('789b6eb175b94a19418de87ef2692d4ced4ad5d68daf8898ef54d0c533d0c5aac352f00accf6ab10', 25, 3, 'MyApp', '[]', 0, '2020-09-29 08:23:25', '2020-09-29 08:23:25', '2021-09-29 04:23:25'),
('7b0ddca98d542dfb76f020cd7e8bb2207e8114c4713d6cad4584c8fc2db7cdd0e14813530ce68e0e', 24, 3, 'MyApp', '[]', 0, '2020-09-29 20:06:01', '2020-09-29 20:06:01', '2021-09-29 16:06:01'),
('7b3994da891ccf59c579a6de95135d8c0a2707c1c1cd42e824b8ed1607d32b0f00a1b8b65b90f6dd', 25, 3, 'MyApp', '[]', 0, '2020-10-13 07:35:09', '2020-10-13 07:35:09', '2021-10-13 03:35:09'),
('7c74d67b85557260c5df6986e80212536738c9bc4c3d2db65431c97733ee81fe4fd2fcdf7386fc60', 21, 3, 'MyApp', '[]', 0, '2020-10-07 11:14:27', '2020-10-07 11:14:27', '2021-10-07 07:14:27'),
('7f62871f747d24311c2d89ac7863cb3b88fda66d01c81720ba215763a7611f87beeb7125e315b88f', 51, 3, 'MyApp', '[]', 0, '2020-10-18 21:51:43', '2020-10-18 21:51:43', '2021-10-18 17:51:43'),
('8182df9c5809bb6058e802283469b7881c247f71f27265c00968bb56312f754143e9fc9ef75a334e', 16, 3, 'MyApp', '[]', 0, '2020-09-18 06:32:37', '2020-09-18 06:32:37', '2021-09-18 12:02:37'),
('819ea85ed8b7f85f58d027a29bf01b960a7377a3528d9cce500ce11b3bd7c5d68d61bfd735c3a34b', 29, 3, 'MyApp', '[]', 0, '2020-09-30 16:43:27', '2020-09-30 16:43:27', '2021-09-30 12:43:27'),
('841ea1c3b59a44dd05ab63f18b386231d58795908976be8367e0ac83692ee3dd03d55b355a0fa84b', 27, 3, 'MyApp', '[]', 0, '2020-09-29 09:14:54', '2020-09-29 09:14:54', '2021-09-29 05:14:54'),
('88888cd093f67f7431fb9799f9f30754294fcfede682a3a15e2785f50a136f233887238d2baa6912', 21, 3, 'MyApp', '[]', 0, '2020-10-13 17:19:42', '2020-10-13 17:19:42', '2021-10-13 13:19:42'),
('8894f648ccc1c1cba3189146bd37826b48bc2c355361fa4b461b90398dffd897a52aefa9fb9add8a', 25, 3, 'MyApp', '[]', 0, '2020-10-17 19:36:19', '2020-10-17 19:36:19', '2021-10-17 15:36:19'),
('88dd61c8f059a473c5f31bc09a3d437452f79733b3387a7f1e96b255101432d9164904654da9cbdb', 24, 3, 'MyApp', '[]', 0, '2020-09-29 22:26:47', '2020-09-29 22:26:47', '2021-09-29 18:26:47'),
('88fe7683dd43125d8fd1aa4ea40ee0d027ed6fa1554aee199716785663a8141e47b6e5352ee50e82', 21, 3, 'MyApp', '[]', 0, '2020-10-13 10:26:05', '2020-10-13 10:26:05', '2021-10-13 06:26:05'),
('89370a5babf791452175a7bd801a697a4f072d51da1916c8d78338becc4af0bc8b24f66ab0c4b87c', 21, 3, 'MyApp', '[]', 0, '2020-10-04 15:38:13', '2020-10-04 15:38:13', '2021-10-04 11:38:13'),
('89384111192494c3948e57c56baacd2b4bbaa35881faa93ca9094ea7ea14e2a8c6e5f980fc376565', 23, 3, 'MyApp', '[]', 0, '2020-10-09 12:44:39', '2020-10-09 12:44:39', '2021-10-09 08:44:39'),
('8a171ecc8dfb1990a93b56a64cacf9263dbe7842089ebe4048b79e645774b36fb00e5ca8a912ab64', 21, 3, 'MyApp', '[]', 0, '2020-10-01 14:06:52', '2020-10-01 14:06:52', '2021-10-01 10:06:52'),
('8bfe2afe9296f199ab5dbf03df69f7645b28c022794c6e68d82c57f71ac48b81c0262bd323c0fa83', 25, 3, 'MyApp', '[]', 0, '2020-10-17 19:36:22', '2020-10-17 19:36:22', '2021-10-17 15:36:22'),
('8c65e3a56b6d3f788ec07145f6be7fe4d58c939fa7858b431001770c58a932929c0a57fb261b6d68', 31, 3, 'MyApp', '[]', 0, '2020-10-12 13:25:26', '2020-10-12 13:25:26', '2021-10-12 09:25:26'),
('8c9cada57acbaf72bb5830ed673b0b806aa5b78bded1c02261f96226ca5ce811e69fca91ce01d2c7', 21, 3, 'MyApp', '[]', 0, '2020-09-30 17:19:25', '2020-09-30 17:19:25', '2021-09-30 13:19:25'),
('8ca0a46387b79a0ff0049f7d9ef87c09f70419820c58f7038b15e914e994fd8b3f42a6ca2ebe3f30', 21, 3, 'MyApp', '[]', 0, '2020-10-16 08:26:28', '2020-10-16 08:26:28', '2021-10-16 04:26:28'),
('8d17adcfe3e19eb98b526912d3ca5d7b841621b9b07403c5866d973be73473e1b4690d6339bc96c4', 22, 3, 'MyApp', '[]', 0, '2020-10-13 19:12:32', '2020-10-13 19:12:32', '2021-10-13 15:12:32'),
('8f2c68fb48223bb0164d326ee8c9ddc07ff61f9e89603c06dbf6b253e4f4181f5281310b47d7e3a8', 33, 3, 'MyApp', '[]', 0, '2020-10-03 13:20:44', '2020-10-03 13:20:44', '2021-10-03 09:20:44'),
('90063bc8b7504d979f94a8489c2ceae94b38b1ff8b381ad84dc42271f419163eba64682a31312f46', 39, 3, 'MyApp', '[]', 0, '2020-10-10 10:22:20', '2020-10-10 10:22:20', '2021-10-10 06:22:20'),
('9209e3d87d5966285356a9c54634db0aa18d760cfa6a5dcd7b9ae0a188050d873835e7ad885e38ff', 21, 3, 'MyApp', '[]', 0, '2020-10-10 13:33:39', '2020-10-10 13:33:39', '2021-10-10 09:33:39'),
('9436d788013ebf1a027e8b4d9271eec6e6836f2291c7db2c3f6b1156e608c69522b16a4b948f808b', 21, 3, 'MyApp', '[]', 0, '2020-09-30 17:03:07', '2020-09-30 17:03:07', '2021-09-30 13:03:07'),
('94a2015ce47526c9484ad4f5fb88b5c8c1d8e88a2e031b322ad7eef29b8b051ea498f336a7538366', 21, 3, 'MyApp', '[]', 0, '2020-09-28 17:15:28', '2020-09-28 17:15:28', '2021-09-28 13:15:28'),
('96c60877d11857ee973c6b2c3070db419fe778ac4fdee595c324c16dafdf7169b5bdc488adcb1114', 24, 3, 'MyApp', '[]', 0, '2020-09-29 22:26:52', '2020-09-29 22:26:52', '2021-09-29 18:26:52'),
('974632280ad3a8fc6ca99d734c78611f792f17b0f645eb3d89750545a1080f11576d0c030b3fc0a0', 21, 3, 'MyApp', '[]', 0, '2020-10-22 08:19:35', '2020-10-22 08:19:35', '2021-10-22 04:19:35'),
('97b7250d5c599fcfc057e8e9de27ab9549d3b45d8c35acd5a6963bc5e02fdd9e0dcc20128c3513c4', 32, 3, 'MyApp', '[]', 0, '2020-10-01 20:52:14', '2020-10-01 20:52:14', '2021-10-01 16:52:14'),
('97c33aadc107a051311e8f2c129373bc3edf252bb78212c9e1da9636d077e28debfe8cd853815969', 21, 3, 'MyApp', '[]', 0, '2020-10-02 09:45:01', '2020-10-02 09:45:01', '2021-10-02 05:45:01'),
('98f041aa041b62fb1dd9dba32824e4abcdad514de531b0a1670be15cc027a9eba1066e56a3791585', 14, 3, 'MyApp', '[]', 0, '2020-09-14 01:39:01', '2020-09-14 01:39:01', '2021-09-14 07:09:01'),
('9937f110c58cd4376aea7b18fc52cb69365b32e7dad11bd49d80a00c392c70acecb7e6d41637c4ca', 22, 3, 'MyApp', '[]', 0, '2020-10-14 10:41:59', '2020-10-14 10:41:59', '2021-10-14 06:41:59'),
('99ef98c4b00f66d5d253624a2b79ac692e4834e3359eb5429e959883746f36be7daf59404b82c998', 21, 3, 'MyApp', '[]', 0, '2020-10-13 17:20:31', '2020-10-13 17:20:31', '2021-10-13 13:20:31'),
('9abe2339640a5300f76650fba7eb4092a2aa575ce5b0f91277892e274f2c251309b22fc359594bde', 34, 3, 'MyApp', '[]', 0, '2020-10-03 16:31:36', '2020-10-03 16:31:36', '2021-10-03 12:31:36'),
('9b1cf0b674600844e476d487c0a8b680a87e2fd866f110ae6f5030e2c0fbec0d81edd13c7e6d3063', 21, 3, 'MyApp', '[]', 0, '2020-10-10 17:32:30', '2020-10-10 17:32:30', '2021-10-10 13:32:30'),
('9d450fa56e26e0dbfe8ca758f99a4d49f90276fac2b150dfb58ed5491055e0987e8721d6b00e70ff', 21, 3, 'MyApp', '[]', 0, '2020-10-12 12:12:41', '2020-10-12 12:12:41', '2021-10-12 08:12:41'),
('9e694c199e4177d1ee2cb9725a610fabd70637d0ce7f6e32a2b85050312d8bd4ed916ed76c215709', 23, 3, 'MyApp', '[]', 0, '2020-10-14 10:01:45', '2020-10-14 10:01:45', '2021-10-14 06:01:45'),
('a02e3bb2dd387ab694c68dda6a7c7ac65629a1541cb8db49a1215b71902a7da8564bd8ee25c9b178', 21, 3, 'MyApp', '[]', 0, '2020-10-06 10:43:08', '2020-10-06 10:43:08', '2021-10-06 06:43:08'),
('a03f2cf9d0e0332e833ba12304d157e6619b437ee2c31175277643af087917788c580b5f1f6ef48d', 15, 3, 'MyApp', '[]', 0, '2020-09-14 01:45:28', '2020-09-14 01:45:28', '2021-09-14 07:15:28'),
('a07d6fab0e22f50b0d6c9f453d839c38cfa0b2fa7b7780126893c622422b18f3049bc38e964ff79f', 22, 3, 'MyApp', '[]', 0, '2020-10-17 20:37:07', '2020-10-17 20:37:07', '2021-10-17 16:37:07'),
('a12ea0e63db96f17179ad1e6242226522d827d286bf2f2b0a8987e5e4d89dd79acbe07a582febd7b', 32, 3, 'MyApp', '[]', 0, '2020-10-12 16:06:39', '2020-10-12 16:06:39', '2021-10-12 12:06:39'),
('a48af86814aaf745db04e348acc35e955a5ee7cdaf4935700c19eef46d0f81cf1d10fa1493851aaf', 21, 3, 'MyApp', '[]', 0, '2020-10-17 19:34:37', '2020-10-17 19:34:37', '2021-10-17 15:34:37'),
('a58382999eed7a21558712efd745ace66c6df591e52eb0ec68c8ad7cc56305fdf88d549df1837c77', 22, 3, 'MyApp', '[]', 0, '2020-10-08 12:56:34', '2020-10-08 12:56:34', '2021-10-08 08:56:34'),
('a597b79a717801a4092e7d649d002c0d869809659ffa8755ecbd0b226e8179e1db9c3dfef67e1576', 21, 3, 'MyApp', '[]', 0, '2020-10-18 13:44:03', '2020-10-18 13:44:03', '2021-10-18 09:44:03'),
('a5a64102af39f5d098f654e346b7aeee989aae3a2d7811313d4eca1cff5eaef7e38cffde56423d67', 21, 3, 'MyApp', '[]', 0, '2020-10-07 11:55:22', '2020-10-07 11:55:22', '2021-10-07 07:55:22'),
('a9035ea55c9b2a97409ba4cdd81391884e99f06b9bbdea5124c30345a5460b7790a3906c41cffb7f', 24, 3, 'MyApp', '[]', 0, '2020-10-18 12:56:20', '2020-10-18 12:56:20', '2021-10-18 08:56:20'),
('a930405d51fad2b886db4e729c8091b317089f53c48eaf837d0b04198d400a9de7bee0cc5bb3e3d9', 24, 3, 'MyApp', '[]', 0, '2020-09-28 19:06:01', '2020-09-28 19:06:01', '2021-09-28 15:06:01'),
('aba6e0c1a36fd895016d73eba90405363fbf2d5144a84093302bf9db2a99f70f8cd669d5a332873f', 10, 1, 'MyApp', '[]', 0, '2020-09-07 06:09:58', '2020-09-07 06:09:58', '2021-09-07 11:39:58'),
('acd4618a239a3d932d52e4e6042f6f3cefd2d53fd6ae6138bc38fa287e2aa728c5ee411e0cc605cc', 38, 3, 'MyApp', '[]', 0, '2020-10-16 14:50:18', '2020-10-16 14:50:18', '2021-10-16 10:50:18'),
('ad048db256cb60bd8295ec352741e494073a1ff97d60ce284acca4d13d76a5c01f2d2fd294cc080e', 21, 3, 'MyApp', '[]', 0, '2020-10-02 15:59:16', '2020-10-02 15:59:16', '2021-10-02 11:59:16'),
('ad0f2beeeb81657513fd9d3bc09b506d7ca59cf5d0531c933299d2091009743336757c415458a286', 12, 3, 'MyApp', '[]', 0, '2021-02-02 12:31:36', '2021-02-02 12:31:36', '2022-02-02 18:01:36'),
('ad5a2eb32ef670f2569e3e8e7b09313dc5f616630b5cfd04a28f3b1307f0342037187f437d962ec5', 22, 3, 'MyApp', '[]', 0, '2020-10-17 10:03:38', '2020-10-17 10:03:38', '2021-10-17 06:03:38'),
('adff2cba2b767f0108640e9208b1f586f0f7eafd0fc62257fbb83fea0c4623034597145cdc8c25f2', 38, 3, 'MyApp', '[]', 0, '2020-10-16 14:50:17', '2020-10-16 14:50:17', '2021-10-16 10:50:17'),
('b047f6a13d36cacd781a7420892543f1081c9ab3aa6e22e156886646ccf1d6624074a037e3493a67', 22, 3, 'MyApp', '[]', 0, '2020-09-30 11:19:49', '2020-09-30 11:19:49', '2021-09-30 07:19:49'),
('b0cbb5e6d5a941c9f2a20ad30006935f4aa9b15d64ceba59f8a82c80709d9fab1863772d7fef22ac', 22, 3, 'MyApp', '[]', 0, '2020-10-17 10:03:37', '2020-10-17 10:03:37', '2021-10-17 06:03:37'),
('b11759e7eafe15821db3838405624e79696211cbe8477c2797222597a77b436a74cfb62af4813e17', 48, 3, 'MyApp', '[]', 0, '2020-10-15 09:13:46', '2020-10-15 09:13:46', '2021-10-15 05:13:46'),
('b355719e5a3c28f55cdd3af80ecb5c98c4277b0550bf2c6a5b3ddc2e0ee6f2b5c4803a373641b068', 23, 3, 'MyApp', '[]', 0, '2020-10-07 09:22:44', '2020-10-07 09:22:44', '2021-10-07 05:22:44'),
('b40a45c26dc3120d6a4275eec88dd91ef469a6316d1cc6271240d2257517292ea7978c831ef80853', 13, 3, 'MyApp', '[]', 1, '2020-09-14 01:19:23', '2020-09-14 01:19:23', '2021-09-14 06:49:23'),
('b429ca509cd0234706369f7fac1c40e6d8e510c858787b6a9ad48d937df0198ac79f62d53212c69f', 21, 3, 'MyApp', '[]', 0, '2020-10-09 14:29:07', '2020-10-09 14:29:07', '2021-10-09 10:29:07'),
('b520c7afa8ba0c00e278b33d8e5a40c63dfb1299a3237a59b2a793a5e9fd76c1698a6e56afa8289b', 31, 3, 'MyApp', '[]', 0, '2020-10-12 13:25:26', '2020-10-12 13:25:26', '2021-10-12 09:25:26'),
('b56f148668075957d1e7edc7b244ab76081cdd428d1244b4021fb27296b6a878f2ed480915de968c', 15, 3, 'MyApp', '[]', 0, '2020-09-21 01:01:57', '2020-09-21 01:01:57', '2021-09-21 06:31:57'),
('b7598ec78c8c78f059db63b8a393d72106022d92533f4e1a24fb280c3446f52915dfca8016ce8a88', 22, 3, 'MyApp', '[]', 0, '2020-10-17 10:03:43', '2020-10-17 10:03:43', '2021-10-17 06:03:43'),
('b87dbdc1bfeb2d7c653121e65a1dbc7b103b60094f5d7d3c184d8286296628d621af414e37f99fca', 25, 3, 'MyApp', '[]', 0, '2020-10-17 19:47:02', '2020-10-17 19:47:02', '2021-10-17 15:47:02'),
('b8a908f816a4700f328124ab8175bef904cb8cfcbce7af741ffb5e82d3eb8a5189bc684d62265dde', 24, 3, 'MyApp', '[]', 0, '2020-09-29 22:41:00', '2020-09-29 22:41:00', '2021-09-29 18:41:00'),
('b909ad088dfb466262f19a65995aeaa63c3e080155faf5514724a3971c12feb093c2be229e27e64a', 22, 3, 'MyApp', '[]', 0, '2020-09-27 17:40:55', '2020-09-27 17:40:55', '2021-09-27 13:40:55'),
('b9e3d6110a3655530e600cc6d36b72db5ca2ceb9b66017eadb20393596503377d6d98c5bec80041a', 25, 3, 'MyApp', '[]', 0, '2020-10-17 19:36:23', '2020-10-17 19:36:23', '2021-10-17 15:36:23'),
('bdfb1bb0ec22d6290cece156254ed74a3fe0be4a09dbc52f4cc55ddcf1f911b597b68a878af0fc7e', 11, 1, 'MyApp', '[]', 0, '2020-09-07 06:25:34', '2020-09-07 06:25:34', '2021-09-07 11:55:34'),
('bf4abecdf2bf3c456354c53dac0bd00b0fb99a60397409bca63fe6e29296077fd6d66993c0b8c769', 38, 3, 'MyApp', '[]', 0, '2020-10-16 16:21:13', '2020-10-16 16:21:13', '2021-10-16 12:21:13'),
('bfcbef96f48047d0f1eb17aaad8bf18ff9bd07d14cfdc4151c137e531d14cc0bfa9ab5460717cdf1', 23, 3, 'MyApp', '[]', 0, '2020-10-02 17:51:20', '2020-10-02 17:51:20', '2021-10-02 13:51:20'),
('bff0082d764f6a79d3914a68dff3e857c90d87311213d969b99b015ccb970c80f234df5ef174aaea', 22, 3, 'MyApp', '[]', 0, '2020-10-17 21:57:42', '2020-10-17 21:57:42', '2021-10-17 17:57:42'),
('c08fcbf15f245a44995047e6b48ffd4e0fe7c9058745767e06becd292ec6788ad610d96f050fac1f', 51, 3, 'MyApp', '[]', 0, '2020-10-18 21:51:41', '2020-10-18 21:51:41', '2021-10-18 17:51:41'),
('c6161e230a7d446b9dc8cfc665bc7ffe912b7b4039c6a79fdd1e02dc08181e24441098d3584edbb6', 43, 3, 'MyApp', '[]', 0, '2020-10-13 07:40:26', '2020-10-13 07:40:26', '2021-10-13 03:40:26'),
('c693a5b4261efa9dc390a7218d365341320644409a9a9778f3b1893633158aa89dcb6e606eb4f499', 21, 3, 'MyApp', '[]', 0, '2020-10-14 19:17:17', '2020-10-14 19:17:17', '2021-10-14 15:17:17'),
('c711d3d5e5599f86322c2fc28f4da7e0f4cc3d543a75555000a54c045aa609342c601c44c845a2b7', 23, 3, 'MyApp', '[]', 0, '2020-09-28 21:19:11', '2020-09-28 21:19:11', '2021-09-28 17:19:11'),
('c7df5a1fe57f6d869ac5145e407c669490aff8c6ba2d35175e4ddb1b67d1a6570f3f62aed6585516', 22, 3, 'MyApp', '[]', 0, '2020-10-17 10:03:44', '2020-10-17 10:03:44', '2021-10-17 06:03:44'),
('c8119b6a082013b6eaa7aa05abea5af28a9af8149459e804f7a06c5f2ba2cf7517e1ab750b1a4679', 48, 3, 'MyApp', '[]', 0, '2020-10-14 09:38:30', '2020-10-14 09:38:30', '2021-10-14 05:38:30'),
('c84eaa5f455b9881f2c1496db4bbc71d362f09cee3dd2c9ac8030eae9642ed3bafe63da6dc033c62', 38, 3, 'MyApp', '[]', 0, '2020-10-12 16:28:05', '2020-10-12 16:28:05', '2021-10-12 12:28:05'),
('c8b9caab9c17018bed36af066d56b459c8595825df3bea2d34c063965dfca3668aeacd8a624a78e8', 23, 3, 'MyApp', '[]', 0, '2020-10-10 10:53:43', '2020-10-10 10:53:43', '2021-10-10 06:53:43'),
('c8c584e1d8caa94ae9fa4806628766aa2c49c5a763fb2ebeeefe55d1f6d44edb1d3887e2b33ef8c6', 21, 3, 'MyApp', '[]', 0, '2020-10-10 13:45:41', '2020-10-10 13:45:41', '2021-10-10 09:45:41'),
('cb5397cdaa6b0f0ecb44a2562f70690d3eced9ef00b2530acb1243107f129d5cd34bca9c24425e49', 38, 3, 'MyApp', '[]', 0, '2020-10-11 14:15:21', '2020-10-11 14:15:21', '2021-10-11 10:15:21'),
('cc56307bf6ca1ba54afb88fb07cf062bbadba12361bf8d8bd5bb8a8f0c1ac1e5747e2cdfd499f833', 21, 3, 'MyApp', '[]', 0, '2020-10-04 18:21:32', '2020-10-04 18:21:32', '2021-10-04 14:21:32'),
('ccb5dd5fc130fa9fc4fb5b7caef8cd14f094aa09b1391fae2fd3a68be3ff4ec8ac5b10074cad42e9', 17, 3, 'MyApp', '[]', 0, '2020-09-19 11:33:17', '2020-09-19 11:33:17', '2021-09-19 17:03:17'),
('ccdf22f92b2b06e84ca8cc03e4adbb81a904090c2031c47d7cf18b49ada659546237ea4ad6f69888', 51, 3, 'MyApp', '[]', 0, '2020-10-17 10:19:54', '2020-10-17 10:19:54', '2021-10-17 06:19:54'),
('cd3a1779bca8c1116909eda1f20cc45a81eb4db5dff6d8533ee15abfd96fd655660eaf617dc7d396', 34, 3, 'MyApp', '[]', 0, '2020-10-03 16:31:45', '2020-10-03 16:31:45', '2021-10-03 12:31:45'),
('ce6bdf14b8fea29e3f015e5bb99d532f8eac8a9c2067bf0ee4b2da4617d636ddcf53ab27623f0372', 51, 3, 'MyApp', '[]', 0, '2020-10-18 21:51:42', '2020-10-18 21:51:42', '2021-10-18 17:51:42'),
('d0075455a3f2cf7bc703199600237bb03bcc802632a337ef19c3f8c8ef394953f44b3aff9993eda1', 28, 3, 'MyApp', '[]', 0, '2020-09-30 17:26:29', '2020-09-30 17:26:29', '2021-09-30 13:26:29'),
('d27ead89fc3adeb57bb56cfbc443bfb2151c0d204345ed9c4ad3ab1be9ad2e16e6d0e71c4a4b6ce6', 22, 3, 'MyApp', '[]', 0, '2020-10-02 12:55:44', '2020-10-02 12:55:44', '2021-10-02 08:55:44'),
('d2b7124f751869a11c7dcbe5f1c74acec4679782476622b0511fb351d234b75de5f0bbc0412e9b19', 23, 3, 'MyApp', '[]', 0, '2020-10-02 17:51:20', '2020-10-02 17:51:20', '2021-10-02 13:51:20'),
('d2cdddcc6d69f849acf0f09d8ba297b77983debd7d20d284f0919f8757f8998cb6bb8b1a9f71d44c', 21, 3, 'MyApp', '[]', 0, '2020-10-06 11:30:11', '2020-10-06 11:30:11', '2021-10-06 07:30:11'),
('d4547edd8e46c6e0572461116bc093334e6e38c5d6b0e88df6b7c2b1b451b86d20f5f7d8d6a8316d', 21, 3, 'MyApp', '[]', 0, '2020-10-12 13:31:44', '2020-10-12 13:31:44', '2021-10-12 09:31:44'),
('d6cdc37a866890a7d395329495d978af489495e6e97ad29b75ddd566b04c760805fca9f6e1d4a6ea', 21, 3, 'MyApp', '[]', 0, '2020-10-09 14:03:35', '2020-10-09 14:03:35', '2021-10-09 10:03:35'),
('d75ae159720f42ccdbc02bb6be7d916856726faef3e204d8be06f176859804f6c5e8915744363250', 41, 3, 'MyApp', '[]', 0, '2020-10-12 14:03:37', '2020-10-12 14:03:37', '2021-10-12 10:03:37'),
('d76d8b7c5f0a2939548f5892cb833110d0957584d2bc1e6fab3df0c14f487d485d24b69617c331fc', 21, 3, 'MyApp', '[]', 0, '2020-10-10 17:23:30', '2020-10-10 17:23:30', '2021-10-10 13:23:30'),
('d9cbee4ba3ffdbb54de844fa1430e5d86c02abbb4cda05f4aa7683d0513c2a2e41a765c3738468b1', 25, 3, 'MyApp', '[]', 0, '2020-10-18 05:45:19', '2020-10-18 05:45:19', '2021-10-18 01:45:19'),
('d9d7d0eb9bcd50216180de2fe302277791cafd9e6ae0ab6640a1e69f5a9c0c09e02d0b226c5e714a', 25, 3, 'MyApp', '[]', 0, '2020-10-17 19:36:13', '2020-10-17 19:36:13', '2021-10-17 15:36:13'),
('da0a73482cb2af2b907dd690ebb52c4d17aff333f04bc5af8ed637c526c6f79cd9a343ed471c758c', 24, 3, 'MyApp', '[]', 0, '2020-10-01 19:12:20', '2020-10-01 19:12:20', '2021-10-01 15:12:20'),
('db7f166a9e353a03be166f3cd407b8854c84733b571e25c8927bc3b8a6b23e13fe9cbb862d7fa8ac', 21, 3, 'MyApp', '[]', 0, '2020-10-08 12:04:32', '2020-10-08 12:04:32', '2021-10-08 08:04:32'),
('db7fb02d8443d283575d0b33b1e77dd860f70dd861dec61a83643f930079aeeb04b3cef5ba58b392', 24, 3, 'MyApp', '[]', 0, '2020-10-01 16:48:41', '2020-10-01 16:48:41', '2021-10-01 12:48:41'),
('de14b5c134044c69c3d117970be73ba0ce7e413911c06914dbefb9ad5d67ab0f2038377bc48b29af', 22, 3, 'MyApp', '[]', 0, '2020-10-14 19:43:08', '2020-10-14 19:43:08', '2021-10-14 15:43:08'),
('df5b5ffb009dc8d6008ccc9d786461fac5d453a9a7577fa57579a6cd9a8f3bd1b8fba8e0e7ceb565', 25, 3, 'MyApp', '[]', 0, '2020-10-17 19:47:00', '2020-10-17 19:47:00', '2021-10-17 15:47:00'),
('df738e70acd545a5be4da31453adaee997c71581e6c73f9bc54084f53a13ad7a67b430e61759a99e', 31, 3, 'MyApp', '[]', 0, '2020-10-13 11:38:09', '2020-10-13 11:38:09', '2021-10-13 07:38:09'),
('dfff664e7f96dfe7a3c1a9fda2305b2a086c79616b7c2e3303aa6b892b15a2f69d17101c02567b1a', 21, 3, 'MyApp', '[]', 0, '2020-10-07 09:43:16', '2020-10-07 09:43:16', '2021-10-07 05:43:16'),
('e01f9b3ed105053bfebf57754568528d1edff65c8f6aeab00b1c0666c76bb841eccd0ac7cb826dda', 22, 3, 'MyApp', '[]', 0, '2020-10-15 19:47:23', '2020-10-15 19:47:23', '2021-10-15 15:47:23'),
('e0289725d8a9e10ac25534cabce4973717d43e814e4ac213c82fb4615de2bddc6427b13b473d8e47', 21, 3, 'MyApp', '[]', 0, '2020-10-17 11:06:21', '2020-10-17 11:06:21', '2021-10-17 07:06:21'),
('e0388d14a85da97b90e81404055486a030d8c73b8a38ad7c29472020e44c1a91b1aa0468f1db1d68', 22, 3, 'MyApp', '[]', 0, '2020-10-10 07:01:10', '2020-10-10 07:01:10', '2021-10-10 03:01:10'),
('e04f9a4fc070606db32beae7e9d564cd5d41f9fa4208fbf610751653645739341ce40452065b6abd', 51, 3, 'MyApp', '[]', 0, '2020-10-18 21:51:41', '2020-10-18 21:51:41', '2021-10-18 17:51:41'),
('e06940618d1bf613b7bd4c247e7f4b5c103ba4b7b941c644ed38f291f56f6886f7a167d32d874484', 30, 3, 'MyApp', '[]', 0, '2020-10-01 11:36:20', '2020-10-01 11:36:20', '2021-10-01 07:36:20'),
('e1c2b02991e4264ea72e36b84404f152e58b17bf2283c74b07020adbd01cc4b9fe9bdc2d15954b00', 22, 3, 'MyApp', '[]', 0, '2020-10-13 10:59:39', '2020-10-13 10:59:39', '2021-10-13 06:59:39'),
('e42444aa8d091476ea4a0e86ef45dc3af374ea1cfac38143829906145b08349cfd36bd009b21868d', 23, 3, 'MyApp', '[]', 0, '2020-10-09 12:44:39', '2020-10-09 12:44:39', '2021-10-09 08:44:39'),
('e5245b8647f9788d63ac8c60a68045130c386dd2b26896e98a179f0d506656a56f4995c51450ab9f', 25, 3, 'MyApp', '[]', 0, '2020-10-08 15:22:40', '2020-10-08 15:22:40', '2021-10-08 11:22:40'),
('e80e2f319d88226180fcc974a20ff456b5cb259624dfdbde762fdb0bb67cc89b1fcfddd5658f6bd7', 38, 3, 'MyApp', '[]', 0, '2020-10-08 14:37:33', '2020-10-08 14:37:33', '2021-10-08 10:37:33'),
('ea222a784657a0201f141867758566042a2eeb062e4d0cd8f8a33514270ca7a69703a7f6d54f406b', 29, 3, 'MyApp', '[]', 0, '2020-10-04 10:48:35', '2020-10-04 10:48:35', '2021-10-04 06:48:35'),
('ebec7f070bdfa13be0bed4b21b974792b99c67344c2d6b13c1d4611873174e644361d013bc76806e', 21, 3, 'MyApp', '[]', 0, '2020-10-03 10:22:05', '2020-10-03 10:22:05', '2021-10-03 06:22:05'),
('ed02845ec8b68b0e20c46c72b8bebc65eb91cca45ccfc6a7e5c5949571c159652666be77a3f5ee7c', 31, 3, 'MyApp', '[]', 0, '2020-10-14 14:16:03', '2020-10-14 14:16:03', '2021-10-14 10:16:03'),
('ed70c5f227e91c2b68bd64433464510f67f2a6fdb2f6fa9ea37f8a1f7f6878f8e5afbff3aff3d2eb', 25, 3, 'MyApp', '[]', 0, '2020-10-17 19:36:08', '2020-10-17 19:36:08', '2021-10-17 15:36:08'),
('efe8b3d5309fa0971a7ba7c97036a3812e04ae1b6388b6599f183c86bf05bf5dfc5f68d64f89986d', 21, 3, 'MyApp', '[]', 0, '2020-10-01 13:59:50', '2020-10-01 13:59:50', '2021-10-01 09:59:50'),
('f10ac990bfea2687471292d06aa9a487d1ab7756849fd5df9a4a456d4cd70f1f0a896d29519b31b5', 25, 3, 'MyApp', '[]', 0, '2020-10-12 13:34:01', '2020-10-12 13:34:01', '2021-10-12 09:34:01'),
('f2151b2691cc9e1c7ab273a83dc56adec68de383f56f6776b054009aab44854e2d6a4189460d50d1', 21, 3, 'MyApp', '[]', 0, '2020-10-10 10:50:28', '2020-10-10 10:50:28', '2021-10-10 06:50:28'),
('f3eaa718683d1c16c2eff04ea940c04f6be7df20f711c1d202e9481d4afede94d7fb4d41c5b0d047', 21, 3, 'MyApp', '[]', 0, '2020-10-13 11:22:33', '2020-10-13 11:22:33', '2021-10-13 07:22:33'),
('f4bf20d689a74b945e51ad184353e957138807e322c03aca8550d999f11643e842fe00644bd5d480', 25, 3, 'MyApp', '[]', 0, '2020-09-28 20:54:22', '2020-09-28 20:54:22', '2021-09-28 16:54:22'),
('f6fc02d5c8c07cb4c55d2cd1e1b9482abacb010baf23a81b0e635d9c1f839af9485ccc5846803285', 28, 3, 'MyApp', '[]', 0, '2020-10-01 17:01:44', '2020-10-01 17:01:44', '2021-10-01 13:01:44'),
('f7c65c4e43dc3dc0e784915323317b805782db63ee566f2267c61d3880a56c3ae71c51f10dccfcf2', 21, 3, 'MyApp', '[]', 0, '2020-09-28 08:50:00', '2020-09-28 08:50:00', '2021-09-28 04:50:00'),
('f7d64bb3c1cb9ddd916290b4852cb734889886172773e9ff9fd7515b9d3b40f12ed157478f3ef9b9', 21, 3, 'MyApp', '[]', 0, '2020-10-12 10:16:48', '2020-10-12 10:16:48', '2021-10-12 06:16:48'),
('f949ed7a208fbf9b404fadb7a1feca880240f612bfeb0607e09c0d773e4aedb44553de6e74c52757', 21, 3, 'MyApp', '[]', 0, '2020-10-15 16:55:00', '2020-10-15 16:55:00', '2021-10-15 12:55:00'),
('f9516931e9d97fa2ca922905c53bf4d69aecc30850fd31ad6984a92ed5c238513e2e507fde609d9a', 22, 3, 'MyApp', '[]', 0, '2020-10-12 12:28:39', '2020-10-12 12:28:39', '2021-10-12 08:28:39'),
('fa807946a039a1a85b5046865d280b5756648f35d4aa8ab19f92f38b83096febb97c53420de016c9', 21, 3, 'MyApp', '[]', 0, '2020-10-03 16:14:20', '2020-10-03 16:14:20', '2021-10-03 12:14:20'),
('facf5f438849aa3e3074f3200b294a334b2200deab6759ff8601aa8d19c742728ab0687c85aca828', 22, 3, 'MyApp', '[]', 0, '2020-10-10 18:57:19', '2020-10-10 18:57:19', '2021-10-10 14:57:19'),
('fd9c9967c746ccaeceb61a4411469eb64601eba18e3860d26056b82245bb01f4902038379150265b', 21, 3, 'MyApp', '[]', 0, '2020-10-20 07:57:52', '2020-10-20 07:57:52', '2021-10-20 03:57:52'),
('feacc0576df6a63220edbb6e3b540d1aa091e915c6eef2f4ebb7cdcd5d3606a8da57bba8c99131cd', 23, 3, 'MyApp', '[]', 0, '2020-10-17 16:46:58', '2020-10-17 16:46:58', '2021-10-17 12:46:58');

-- --------------------------------------------------------

--
-- Table structure for table `oauth_auth_codes`
--

CREATE TABLE `oauth_auth_codes` (
  `id` varchar(100) COLLATE utf8mb4_unicode_ci NOT NULL,
  `user_id` bigint(20) NOT NULL,
  `client_id` int(10) UNSIGNED NOT NULL,
  `scopes` text COLLATE utf8mb4_unicode_ci DEFAULT NULL,
  `revoked` tinyint(1) NOT NULL,
  `expires_at` datetime DEFAULT NULL
) ENGINE=InnoDB DEFAULT CHARSET=utf8mb4 COLLATE=utf8mb4_unicode_ci;

-- --------------------------------------------------------

--
-- Table structure for table `oauth_clients`
--

CREATE TABLE `oauth_clients` (
  `id` int(10) UNSIGNED NOT NULL,
  `user_id` bigint(20) DEFAULT NULL,
  `name` varchar(191) COLLATE utf8mb4_unicode_ci NOT NULL,
  `secret` varchar(100) COLLATE utf8mb4_unicode_ci NOT NULL,
  `redirect` text COLLATE utf8mb4_unicode_ci NOT NULL,
  `personal_access_client` tinyint(1) NOT NULL,
  `password_client` tinyint(1) NOT NULL,
  `revoked` tinyint(1) NOT NULL,
  `created_at` timestamp NULL DEFAULT NULL,
  `updated_at` timestamp NULL DEFAULT NULL
) ENGINE=InnoDB DEFAULT CHARSET=utf8mb4 COLLATE=utf8mb4_unicode_ci;

--
-- Dumping data for table `oauth_clients`
--

INSERT INTO `oauth_clients` (`id`, `user_id`, `name`, `secret`, `redirect`, `personal_access_client`, `password_client`, `revoked`, `created_at`, `updated_at`) VALUES
(1, NULL, 'Laravel Personal Access Client', '9Ddgc4g6Pdzg5teWM60o0PAX6yuI0Po6qHwFZwA2', 'http://localhost', 1, 0, 0, '2020-09-07 06:03:08', '2020-09-07 06:03:08'),
(2, NULL, 'Laravel Password Grant Client', 'mcaBoPNrFGZnCt6qcURrq3HzJORGWMbzaVQxj31K', 'http://localhost', 0, 1, 0, '2020-09-07 06:03:09', '2020-09-07 06:03:09'),
(3, NULL, 'Laravel Personal Access Client', 'TF9yY7EE5tkkhjv89XaeWKwvaYlelAGJ4arISp2v', 'http://localhost', 1, 0, 0, '2020-09-14 01:18:54', '2020-09-14 01:18:54'),
(4, NULL, 'Laravel Password Grant Client', 'KVEtbluXyw6z95gqog5irpm1d1sqHxmeOrv4qfny', 'http://localhost', 0, 1, 0, '2020-09-14 01:18:54', '2020-09-14 01:18:54');

-- --------------------------------------------------------

--
-- Table structure for table `oauth_personal_access_clients`
--

CREATE TABLE `oauth_personal_access_clients` (
  `id` int(10) UNSIGNED NOT NULL,
  `client_id` int(10) UNSIGNED NOT NULL,
  `created_at` timestamp NULL DEFAULT NULL,
  `updated_at` timestamp NULL DEFAULT NULL
) ENGINE=InnoDB DEFAULT CHARSET=utf8mb4 COLLATE=utf8mb4_unicode_ci;

--
-- Dumping data for table `oauth_personal_access_clients`
--

INSERT INTO `oauth_personal_access_clients` (`id`, `client_id`, `created_at`, `updated_at`) VALUES
(1, 1, '2020-09-07 06:03:09', '2020-09-07 06:03:09'),
(2, 3, '2020-09-14 01:18:54', '2020-09-14 01:18:54');

-- --------------------------------------------------------

--
-- Table structure for table `oauth_refresh_tokens`
--

CREATE TABLE `oauth_refresh_tokens` (
  `id` varchar(100) COLLATE utf8mb4_unicode_ci NOT NULL,
  `access_token_id` varchar(100) COLLATE utf8mb4_unicode_ci NOT NULL,
  `revoked` tinyint(1) NOT NULL,
  `expires_at` datetime DEFAULT NULL
) ENGINE=InnoDB DEFAULT CHARSET=utf8mb4 COLLATE=utf8mb4_unicode_ci;

--
-- Indexes for dumped tables
--

--
-- Indexes for table `oauth_access_tokens`
--
ALTER TABLE `oauth_access_tokens`
  ADD PRIMARY KEY (`id`),
  ADD KEY `oauth_access_tokens_user_id_index` (`user_id`);

--
-- Indexes for table `oauth_auth_codes`
--
ALTER TABLE `oauth_auth_codes`
  ADD PRIMARY KEY (`id`);

--
-- Indexes for table `oauth_clients`
--
ALTER TABLE `oauth_clients`
  ADD PRIMARY KEY (`id`),
  ADD KEY `oauth_clients_user_id_index` (`user_id`);

--
-- Indexes for table `oauth_personal_access_clients`
--
ALTER TABLE `oauth_personal_access_clients`
  ADD PRIMARY KEY (`id`),
  ADD KEY `oauth_personal_access_clients_client_id_index` (`client_id`);

--
-- Indexes for table `oauth_refresh_tokens`
--
ALTER TABLE `oauth_refresh_tokens`
  ADD PRIMARY KEY (`id`),
  ADD KEY `oauth_refresh_tokens_access_token_id_index` (`access_token_id`);

--
-- AUTO_INCREMENT for dumped tables
--

--
-- AUTO_INCREMENT for table `oauth_clients`
--
ALTER TABLE `oauth_clients`
  MODIFY `id` int(10) UNSIGNED NOT NULL AUTO_INCREMENT, AUTO_INCREMENT=5;

--
-- AUTO_INCREMENT for table `oauth_personal_access_clients`
--
ALTER TABLE `oauth_personal_access_clients`
  MODIFY `id` int(10) UNSIGNED NOT NULL AUTO_INCREMENT, AUTO_INCREMENT=3;
COMMIT;

/*!40101 SET CHARACTER_SET_CLIENT=@OLD_CHARACTER_SET_CLIENT */;
/*!40101 SET CHARACTER_SET_RESULTS=@OLD_CHARACTER_SET_RESULTS */;
/*!40101 SET COLLATION_CONNECTION=@OLD_COLLATION_CONNECTION */;
